Workbook

Sheet ガントチャート
A1: Phase | B1: WBS | C1: Category | D1: Action | E1: Start | F1: End | G1: Owner | H1: 担当者 | I1: Deliverable | J1: Status | K1: 10月 | L1: 11月 | M1: 12月 | N1: 1月 | O1: 2月 | P1: 3月 | Q1: 4月 | R1: 5月 | S1: 6月
A2: オンボーディング フェーズ (10-11月) | B2: 1.1 | C2: 学習・認証 | D2: Prerequisites 認証完了 | E2: 2024-10-01 | F2: 2024-10-31 | G2: Joint | I2: 認証バッジ | J2: 完了
B3: 1.1.1 | D3: Developer Learning Path 完了 | E3: 2024-10-01 | F3: 2024-11-30 | G3: Joint | I3: 学習修了証 | J3: 完了
B4: 1.1.2 | D4: Knowledge Badge 取得 | E4: 2024-11-01 | F4: 2024-11-30 | G4: Joint | I4: バッジ証明 | J4: 完了
B5: 1.2 | C5: 技術評価 | D5: Workbench 環境セットアップ | E5: 2024-10-01 | F5: 2024-10-31 | G5: Joint | I5: 環境構築完了 | J5: 完了
B6: 1.2.1 | D6: API 機能調査（Document Translation等） | E6: 2024-10-01 | F6: 2024-11-30 | G6: Joint | I6: KPMG_Workbench_API一覧 | J6: 完了
B7: 1.3 | C7: 課題対応 | D7: 手続上の障壁把握 | E7: 2024-10-01 | F7: 2024-10-31 | G7: Joint | I7: 課題リスト | J7: 完了
B8: 1.3.1 | D8: APIアクセス課題解決（12/1完了） | E8: 2024-11-01 | F8: 2024-11-30 | G8: ALH | I8: 解決策ドキュメント | J8: 完了
B9: 1.3.2 | D9: Global WB Community ローンチ（11/13） | E9: 2024-11-01 | F9: 2024-11-30 | G9: ALH | I9: Community稼働 | J9: 完了
B10: 1.4 | C10: 報告・計画 | D10: Onboarding簡易パワポ作成 | E10: 2024-11-01 | F10: 2024-11-30 | G10: Joint | I10: Onboarding簡易パワポ | J10: 完了
B11: 1.4.1 | D11: KC・ALH共同会議 | E11: 2024-11-01 | F11: 2024-11-30 | G11: Joint | I11: N/A | J11: 完了
A12: 誰でも1週間で 迷いなく開始 (12-1月) | B12: 2.0.1 | C12: 基盤 | D12: 共同Repository構築 | E12: 2024-12-09 | F12: 2024-12-10 | G12: ALH | I12: GitHub Repo | J12: 未開始
B13: 2.1 | C13: Toolkit | D13: 開発環境セットアップの自動化 (Onboarding Automation) | E13: 2024-12-09 | F13: 2024-12-19 | G13: Joint | I13: Onboarding Automation Kit | J13: 未開始
B14: 2.2 | D14: Workbench API網羅的検証 (API Capability Check) | E14: 2024-12-10 | F14: 2024-12-25 | G14: KC | I14: API Capability Report | J14: 未開始
B15: 2.3 | D15: 標準開発アセットの整備 (Dev Starter Kit) | E15: 2024-12-13 | F15: 2024-12-26 | G15: KC | I15: Dev Starter Kit | J15: 未開始
B16: 2.4 | C16: Platform | D16: セルフサービス型ナレッジポータルの構築 | E16: 2024-12-20 | F16: 2024-12-26 | G16: ALH | I16: Knowledge Portal | J16: 未開始
B17: - | C17: Freeze | D17: 年末年始休暇 (Freeze Period) | E17: 2024-12-28 | F17: 2025-01-05 | G17: - | I17: - | J17: -
B18: 2.5 | C18: Launch | D18: リードタイム検証 & コミュニティ始動 | E18: 2025-01-06 | F18: 2025-01-31 | G18: Joint | I18: 1-Week Challenge Report | J18: 未開始
A19: 海外MF ナレッジ探索 (2-3月) | B19: 3.1 | C19: Strategy | D19: PoCシナリオ選定 & リスク評価 (Planning) | E19: 2025-02-03 | F19: 2025-02-14 | G19: Joint | I19: PoC Scenario & Risk Assessment | J19: 未開始
B20: 3.2 | C20: Execution (App) | D20: PoC 1 (ALH): 多言語ドキュメント処理ツール | E20: 2025-02-17 | F20: 2025-03-14 | G20: ALH | I20: Document Processing Tool | J20: 未開始
B21: 3.3 | D21: PoC 2 (ALH): 対話型アシスタントUI (Chat UX) | E21: 2025-02-17 | F21: 2025-03-14 | G21: ALH | I21: Chat Assistant UI | J21: 未開始
B22: 3.4 | C22: Execution (Core) | D22: PoC 3 (KC): 社内規程・マニュアル検索 (RAG) | E22: 2025-02-17 | F22: 2025-03-14 | G22: KC | I22: RAG Search System | J22: 未開始
B23: 3.5 | D23: PoC 4 (KC): 複雑推論・分析エージェント | E23: 2025-02-17 | F23: 2025-03-14 | G23: KC | I23: Analysis Agent | J23: 未開始
B24: 3.6 | C24: Decision | D24: PoC成果実演・投資判断 (Demo Day) | E24: 2025-03-17 | F24: 2025-03-31 | G24: Joint | I24: Demo Day & Investment Decision | J24: 未開始
A25: スピーディな プロダクトプロセス (4-6月) | B25: 4.1 | C25: Standardization | D25: 開発標準フレームワークの確立 | E25: 2025-04-01 | F25: 2025-04-18 | G25: ALH | I25: KPMG Standard Template | J25: 未開始
B26: 4.2 | C26: Quality | D26: 品質保証(QA)プロセスの自動化 | E26: 2025-04-21 | F26: 2025-04-30 | G26: KC | I26: QA Automation Process | J26: 未開始
B27: 4.3 | C27: DevOps | D27: デプロイメント・パイプラインの構築 | E27: 2025-05-07 | F27: 2025-05-23 | G27: ALH | I27: CI/CD Pipeline | J27: 未開始
A30: 凡例:
A31: Phase 1
A32: Phase 2
A33: Phase 3
A34: Phase 4
A35: Freeze

Sheet KC組タスク
A1: Phase | B1: WBS | C1: Category | D1: Action | E1: Start | F1: End | G1: Months | H1: Deliverable | I1: Status
A2: オンボーディング フェーズ (10-11月) | B2: 1.1 | C2: 学習・認証 | D2: Prerequisites 認証完了 | E2: 2024-10-01 | F2: 2024-10-31 | G2: 10月 | H2: 認証バッジ | I2: =VLOOKUP(B2,'ガントチャート'!$B$2:$J$27,9,FALSE)
B3: 1.1.1 | D3: Developer Learning Path 完了 | E3: 2024-10-01 | F3: 2024-11-30 | G3: 10月, 11月 | H3: 学習修了証 | I3: =VLOOKUP(B3,'ガントチャート'!$B$2:$J$27,9,FALSE)
B4: 1.1.2 | D4: Knowledge Badge 取得 | E4: 2024-11-01 | F4: 2024-11-30 | G4: 11月 | H4: バッジ証明 | I4: =VLOOKUP(B4,'ガントチャート'!$B$2:$J$27,9,FALSE)
B5: 1.2 | C5: 技術評価 | D5: Workbench 環境セットアップ | E5: 2024-10-01 | F5: 2024-10-31 | G5: 10月 | H5: 環境構築完了 | I5: =VLOOKUP(B5,'ガントチャート'!$B$2:$J$27,9,FALSE)
B6: 1.2.1 | D6: API 機能調査（Document Translation等） | E6: 2024-10-01 | F6: 2024-11-30 | G6: 10月, 11月 | H6: KPMG_Workbench_API一覧 | I6: =VLOOKUP(B6,'ガントチャート'!$B$2:$J$27,9,FALSE)
B7: 1.3 | C7: 課題対応 | D7: 手続上の障壁把握 | E7: 2024-10-01 | F7: 2024-10-31 | G7: 10月 | H7: 課題リスト | I7: =VLOOKUP(B7,'ガントチャート'!$B$2:$J$27,9,FALSE)
B8: 1.4 | C8: 報告・計画 | D8: Onboarding簡易パワポ作成 | E8: 2024-11-01 | F8: 2024-11-30 | G8: 11月 | H8: Onboarding簡易パワポ | I8: =VLOOKUP(B8,'ガントチャート'!$B$2:$J$27,9,FALSE)
B9: 1.4.1 | D9: KC・ALH共同会議 | E9: 2024-11-01 | F9: 2024-11-30 | G9: 11月 | H9: N/A | I9: =VLOOKUP(B9,'ガントチャート'!$B$2:$J$27,9,FALSE)
A10: 誰でも1週間で 迷いなく開始 (12-1月) | B10: 2.1 | C10: Toolkit | D10: 開発環境セットアップの自動化 (Onboarding Automation) | E10: 2024-12-09 | F10: 2024-12-19 | G10: 12月 | H10: Onboarding Automation Kit | I10: =VLOOKUP(B10,'ガントチャート'!$B$2:$J$27,9,FALSE)
B11: 2.2 | D11: Workbench API網羅的検証 (API Capability Check) | E11: 2024-12-10 | F11: 2024-12-25 | G11: 12月 | H11: API Capability Report | I11: =VLOOKUP(B11,'ガントチャート'!$B$2:$J$27,9,FALSE)
B12: 2.3 | D12: 標準開発アセットの整備 (Dev Starter Kit) | E12: 2024-12-13 | F12: 2024-12-26 | G12: 12月 | H12: Dev Starter Kit | I12: =VLOOKUP(B12,'ガントチャート'!$B$2:$J$27,9,FALSE)
B13: 2.5 | C13: Launch | D13: リードタイム検証 & コミュニティ始動 | E13: 2025-01-06 | F13: 2025-01-31 | G13: 1月 | H13: 1-Week Challenge Report | I13: =VLOOKUP(B13,'ガントチャート'!$B$2:$J$27,9,FALSE)
A14: 海外MF ナレッジ探索 (2-3月) | B14: 3.1 | C14: Strategy | D14: PoCシナリオ選定 & リスク評価 (Planning) | E14: 2025-02-03 | F14: 2025-02-14 | G14: 2月 | H14: PoC Scenario & Risk Assessment | I14: =VLOOKUP(B14,'ガントチャート'!$B$2:$J$27,9,FALSE)
B15: 3.4 | C15: Execution (Core) | D15: PoC 3 (KC): 社内規程・マニュアル検索 (RAG) | E15: 2025-02-17 | F15: 2025-03-14 | G15: 2月, 3月 | H15: RAG Search System | I15: =VLOOKUP(B15,'ガントチャート'!$B$2:$J$27,9,FALSE)
B16: 3.5 | D16: PoC 4 (KC): 複雑推論・分析エージェント | E16: 2025-02-17 | F16: 2025-03-14 | G16: 2月, 3月 | H16: Analysis Agent | I16: =VLOOKUP(B16,'ガントチャート'!$B$2:$J$27,9,FALSE)
B17: 3.6 | C17: Decision | D17: PoC成果実演・投資判断 (Demo Day) | E17: 2025-03-17 | F17: 2025-03-31 | G17: 3月 | H17: Demo Day & Investment Decision | I17: =VLOOKUP(B17,'ガントチャート'!$B$2:$J$27,9,FALSE)
A18: スピーディな プロダクトプロセス (4-6月) | B18: 4.2 | C18: Quality | D18: 品質保証(QA)プロセスの自動化 | E18: 2025-04-21 | F18: 2025-04-30 | G18: 4月 | H18: QA Automation Process | I18: =VLOOKUP(B18,'ガントチャート'!$B$2:$J$27,9,FALSE)

Sheet ALH組タスク
A1: Phase | B1: WBS | C1: Category | D1: Action | E1: Start | F1: End | G1: Months | H1: Deliverable | I1: Status
A2: オンボーディング フェーズ (10-11月) | B2: 1.1 | C2: 学習・認証 | D2: Prerequisites 認証完了 | E2: 2024-10-01 | F2: 2024-10-31 | G2: 10月 | H2: 認証バッジ | I2: =VLOOKUP(B2,'ガントチャート'!$B$2:$J$27,9,FALSE)
B3: 1.1.1 | D3: Developer Learning Path 完了 | E3: 2024-10-01 | F3: 2024-11-30 | G3: 10月, 11月 | H3: 学習修了証 | I3: =VLOOKUP(B3,'ガントチャート'!$B$2:$J$27,9,FALSE)
B4: 1.1.2 | D4: Knowledge Badge 取得 | E4: 2024-11-01 | F4: 2024-11-30 | G4: 11月 | H4: バッジ証明 | I4: =VLOOKUP(B4,'ガントチャート'!$B$2:$J$27,9,FALSE)
B5: 1.2 | C5: 技術評価 | D5: Workbench 環境セットアップ | E5: 2024-10-01 | F5: 2024-10-31 | G5: 10月 | H5: 環境構築完了 | I5: =VLOOKUP(B5,'ガントチャート'!$B$2:$J$27,9,FALSE)
B6: 1.2.1 | D6: API 機能調査（Document Translation等） | E6: 2024-10-01 | F6: 2024-11-30 | G6: 10月, 11月 | H6: KPMG_Workbench_API一覧 | I6: =VLOOKUP(B6,'ガントチャート'!$B$2:$J$27,9,FALSE)
B7: 1.3 | C7: 課題対応 | D7: 手続上の障壁把握 | E7: 2024-10-01 | F7: 2024-10-31 | G7: 10月 | H7: 課題リスト | I7: =VLOOKUP(B7,'ガントチャート'!$B$2:$J$27,9,FALSE)
B8: 1.3.1 | D8: APIアクセス課題解決（12/1完了） | E8: 2024-11-01 | F8: 2024-11-30 | G8: 11月 | H8: 解決策ドキュメント | I8: =VLOOKUP(B8,'ガントチャート'!$B$2:$J$27,9,FALSE)
B9: 1.3.2 | D9: Global WB Community ローンチ（11/13） | E9: 2024-11-01 | F9: 2024-11-30 | G9: 11月 | H9: Community稼働 | I9: =VLOOKUP(B9,'ガントチャート'!$B$2:$J$27,9,FALSE)
B10: 1.4 | C10: 報告・計画 | D10: Onboarding簡易パワポ作成 | E10: 2024-11-01 | F10: 2024-11-30 | G10: 11月 | H10: Onboarding簡易パワポ | I10: =VLOOKUP(B10,'ガントチャート'!$B$2:$J$27,9,FALSE)
B11: 1.4.1 | D11: KC・ALH共同会議 | E11: 2024-11-01 | F11: 2024-11-30 | G11: 11月 | H11: N/A | I11: =VLOOKUP(B11,'ガントチャート'!$B$2:$J$27,9,FALSE)
A12: 誰でも1週間で 迷いなく開始 (12-1月) | B12: 2.0.1 | C12: 基盤 | D12: 共同Repository構築 | E12: 2024-12-09 | F12: 2024-12-10 | G12: 12月 | H12: GitHub Repo | I12: =VLOOKUP(B12,'ガントチャート'!$B$2:$J$27,9,FALSE)
B13: 2.1 | C13: Toolkit | D13: 開発環境セットアップの自動化 (Onboarding Automation) | E13: 2024-12-09 | F13: 2024-12-19 | G13: 12月 | H13: Onboarding Automation Kit | I13: =VLOOKUP(B13,'ガントチャート'!$B$2:$J$27,9,FALSE)
B14: 2.4 | C14: Platform | D14: セルフサービス型ナレッジポータルの構築 | E14: 2024-12-20 | F14: 2024-12-26 | G14: 12月 | H14: Knowledge Portal | I14: =VLOOKUP(B14,'ガントチャート'!$B$2:$J$27,9,FALSE)
B15: 2.5 | C15: Launch | D15: リードタイム検証 & コミュニティ始動 | E15: 2025-01-06 | F15: 2025-01-31 | G15: 1月 | H15: 1-Week Challenge Report | I15: =VLOOKUP(B15,'ガントチャート'!$B$2:$J$27,9,FALSE)
A16: 海外MF ナレッジ探索 (2-3月) | B16: 3.1 | C16: Strategy | D16: PoCシナリオ選定 & リスク評価 (Planning) | E16: 2025-02-03 | F16: 2025-02-14 | G16: 2月 | H16: PoC Scenario & Risk Assessment | I16: =VLOOKUP(B16,'ガントチャート'!$B$2:$J$27,9,FALSE)
B17: 3.2 | C17: Execution (App) | D17: PoC 1 (ALH): 多言語ドキュメント処理ツール | E17: 2025-02-17 | F17: 2025-03-14 | G17: 2月, 3月 | H17: Document Processing Tool | I17: =VLOOKUP(B17,'ガントチャート'!$B$2:$J$27,9,FALSE)
B18: 3.3 | D18: PoC 2 (ALH): 対話型アシスタントUI (Chat UX) | E18: 2025-02-17 | F18: 2025-03-14 | G18: 2月, 3月 | H18: Chat Assistant UI | I18: =VLOOKUP(B18,'ガントチャート'!$B$2:$J$27,9,FALSE)
B19: 3.6 | C19: Decision | D19: PoC成果実演・投資判断 (Demo Day) | E19: 2025-03-17 | F19: 2025-03-31 | G19: 3月 | H19: Demo Day & Investment Decision | I19: =VLOOKUP(B19,'ガントチャート'!$B$2:$J$27,9,FALSE)
A20: スピーディな プロダクトプロセス (4-6月) | B20: 4.1 | C20: Standardization | D20: 開発標準フレームワークの確立 | E20: 2025-04-01 | F20: 2025-04-18 | G20: 4月 | H20: KPMG Standard Template | I20: =VLOOKUP(B20,'ガントチャート'!$B$2:$J$27,9,FALSE)
B21: 4.3 | C21: DevOps | D21: デプロイメント・パイプラインの構築 | E21: 2025-05-07 | F21: 2025-05-23 | G21: 5月 | H21: CI/CD Pipeline | I21: =VLOOKUP(B21,'ガントチャート'!$B$2:$J$27,9,FALSE)

Sheet 休暇カレンダー
A1: カレンダービュー | R1: 2024-2025 年末年始休暇カレンダー
A3: 2024年12月 | J3: 2025年1月 | R3: 組織 | S3: 開始日 | T3: 終了日
A4: 月 | B4: 火 | C4: 水 | D4: 木 | E4: 金 | F4: 土 | G4: 日 | J4: 月 | K4: 火 | L4: 水 | M4: 木 | N4: 金 | O4: 土 | P4: 日 | R4: KC | S4: 2024-12-24 | T4: 2025-01-05
G5: 1 | L5: 1 | M5: 2 | N5: 3 | O5: 4 | P5: 5 | R5: ALH | S5: 2024-12-28 | T5: 2025-01-05
A6: 2 | B6: 3 | C6: 4 | D6: 5 | E6: 6 | F6: 7 | G6: 8 | J6: 6 | K6: 7 | L6: 8 | M6: 9 | N6: 10 | O6: 11 | P6: 12 | R6: ALL | S6: 2024-12-28 | T6: 2025-01-05
A7: 9 | B7: 10 | C7: 11 | D7: 12 | E7: 13 | F7: 14 | G7: 15 | J7: 13 | K7: 14 | L7: 15 | M7: 16 | N7: 17 | O7: 18 | P7: 19
A8: 16 | B8: 17 | C8: 18 | D8: 19 | E8: 20 | F8: 21 | G8: 22 | J8: 20 | K8: 21 | L8: 22 | M8: 23 | N8: 24 | O8: 25 | P8: 26
A9: 23 | B9: 24 | C9: 25 | D9: 26 | E9: 27 | F9: 28 | G9: 29 | J9: 27 | K9: 28 | L9: 29 | M9: 30 | N9: 31
A10: 30 | B10: 31
A12: 凡例:
A13: KC休暇(Ma)
A14: ALH休暇
A15: 両方休暇

Sheet マイルストーン
A1: マイルストーン | B1: タイプ | C1: 予定日 | D1: 実績日 | E1: 成果物 | F1: Criteria | G1: ステータス
A2: Phase 1 開始 | B2: マイルストーン | C2: 2024-10-01 | E2: オンボーディング開始 | G2: 完了
A3: Prerequisites認証完了 | B3: マイルストーン | C3: 2024-10-31 | E3: 認証バッジ | G3: 完了
A4: 技術評価レポート完成 | B4: マイルストーン | C4: 2024-11-30 | E4: 評価レポート | G4: 完了
A5: Phase 2 開始 | B5: マイルストーン | C5: 2024-12-09 | E5: チーム拡大 | G5: 進行中
A6: 年内素材完備 | B6: マイルストーン | C6: 2024-12-23 | E6: Cookbook/環境スクリプト | G6: 未開始
A7: Freeze Period 開始 | B7: マイルストーン | C7: 2024-12-28 | E7: 開発凍結 | G7: 未開始
A8: 全員復帰 | B8: マイルストーン | C8: 2025-01-06 | E8: 開発再開 | G8: 未開始
A9: 1週間チャレンジ完了 | B9: マイルストーン | C9: 2025-01-14 | E9: テスト観察ログ | G9: 未開始
A10: 【Go/No-Go】Phase 2 Review | B10: Go/No-Go | C10: 2025-01-31 | E10: Phase 2成果レビュー | F10: Onboardingサイト稼働, 1週間チャレンジ達成率>80%, Betaテスターフィードバック解決 | G10: 未開始
A11: Phase 3 開始 | B11: マイルストーン | C11: 2025-02-03 | E11: PoC Execution開始 | G11: 未開始
A12: PoCシナリオ確定 | B12: マイルストーン | C12: 2025-02-14 | E12: PoC Scenario & Risk Assessment | G12: 未開始
A13: 4 PoC開発完了 | B13: マイルストーン | C13: 2025-03-14 | E13: 4 PoC Prototypes | G13: 未開始
A14: 【Go/No-Go】Demo Day 投資判断 | B14: Go/No-Go | C14: 2025-03-31 | E14: PoC成果実演・投資判断 | F14: 4 PoC成果比較評価, 製品化優先順位決定, 投資判断完了 | G14: 未開始
A15: Phase 4 開始 | B15: マイルストーン | C15: 2025-04-01 | E15: Scaling開始 | G15: 未開始
A16: 開発標準フレームワーク完成 | B16: マイルストーン | C16: 2025-04-18 | E16: KPMG Standard Template | G16: 未開始
A17: CI/CD Pipeline完成 | B17: マイルストーン | C17: 2025-05-23 | E17: CI/CD Pipeline | G17: 未開始
A18: プロジェクト完了 | B18: マイルストーン | C18: 2025-06-30 | E18: 総括レポート | G18: 未開始
